session_id,user_id,user_type,chat_mode,title,conversation_summary,total_messages,last_message_at,created_at,updated_at,status
bebb0997-cc17-40fb-878c-b1dde1c0cb14,reseller_001,reseller,explore,"Chat: Hello, Reseller User","User: Hello, I am reseller user reseller_001",1,2025-10-23T23:03:39.967122,2025-10-23T23:03:39.968122,2025-10-23T23:03:39.968122,active
bf8fdc42-23cb-4fca-a4f5-2728ef0f05b0,isv_001,isv,explore,"Chat: Hello, Explore Agents","User: Hello, I want to explore AI agents",1,2025-10-23T23:06:21.054010,2025-10-23T23:06:21.055998,2025-10-23T23:06:21.055998,active
test_session_123,test_user,anonymous,explore,"Chat: Hello, This Test","User: Hello, this is a test message",1,2025-10-28T18:40:44.645253,2025-10-28T18:40:44.646281,2025-10-28T18:40:44.646281,active
chat_1761637247298_h4onedl6c,anonymous,anonymous,create,Chat: Test Data,User: yes given a condition in natual language the test data should be generated,2,2025-10-28T18:41:59.667884,2025-10-28T18:41:05.486064,2025-10-28T18:41:59.669886,active
chat_1761637743984_b2aanaeau,anonymous,anonymous,create,Chat: Voice Text That,User: ok good,4,2025-10-28T18:51:52.300399,2025-10-28T18:49:34.237163,2025-10-28T18:51:52.303408,active
chat_1761645661101_rt2r1j99d,anonymous,anonymous,create,Chat: Writer,User: good lets  porceed,3,2025-10-28T21:01:58.434162,2025-10-28T21:01:14.538157,2025-10-28T21:01:58.436473,active
chat_1761645860678_f2u9c01my,anonymous,anonymous,create,Chat: hi,User: ok,4,2025-10-28T21:05:17.506185,2025-10-28T21:04:24.113387,2025-10-28T21:05:17.508184,active
chat_1761646230631_ckwpplgs2,anonymous,anonymous,create,Chat: hi,User: hi,1,2025-10-28T21:10:34.711370,2025-10-28T21:10:34.714363,2025-10-28T21:10:34.714363,active
chat_1761649783304_agdplq6y1,anonymous,anonymous,create,Chat: hi,User: yes,7,2025-10-28T22:11:26.103983,2025-10-28T22:09:46.833157,2025-10-28T22:11:26.105936,active
chat_1761650153620_xd2f66ttt,anonymous,anonymous,explore,Chat: hi,"[{""role"": ""user"", ""content"": ""hi""}, {""role"": ""assistant"", ""content"": ""Hello! \ud83d\ude0a How can I assist you today? Are you looking for information about a specific AI agent, or do you have a particular business need in mind?""}, {""role"": ""user"", ""content"": ""how many agents do you have""}, {""role"": ""assistant"", ""content"": ""We have a diverse range of **36 AI agents** available, each designed to address various business needs across different sectors. \n\nHere\u2019s a quick overview of some categories they fall into:\n\n- **Productivity**: Agents that enhance productivity for executives, teams, and operations.\n- **Customer Experience**: Tools that improve customer interactions and services.\n- **Data & Analytics**: Solutions that help with data management, analysis, and insights.\n- **Conversational AI**: Agents that facilitate natural language interactions for various tasks.\n\nIf you have a specific area of interest or need, I can help you find the right agent! What are you looking to achieve?""}]",2,2025-10-28T22:16:12.295472,2025-10-28T22:15:59.530494,2025-10-28T22:16:12.297520,active
chat_1761651852783_rhsxcx673,anonymous,anonymous,create,Chat: Sales Team With,"[{""role"": ""user"", ""content"": ""build me a agent for sales team with voice to text capability""}, {""role"": ""assistant"", ""content"": ""Great idea! A voice-to-text capability can be incredibly useful for a sales team to streamline their communication and documentation processes. Let's start by coming up with a creative name for this agent and outline the user journeys.\n\n### Agent Name: \nHow about we call it **\""SalesScribe AI\""**? It suggests that the agent will help in scribing or capturing sales conversations seamlessly.\n\n### User Journeys: \n1. **Voice Activation**: The sales rep activates the agent via voice command.\n2. **Note Taking**: The agent listens to the sales conversation and transcribes it in real-time.\n3. **Data Integration**: It can integrate with CRM systems to automatically log notes and action items.\n4. **Review & Edit**: The user can review the transcribed text and make any necessary edits.\n5. **Follow-up Actions**: The agent can suggest follow-up actions based on the conversation content.\n\nDoes this sound like a good start? We can refine the problem statement and highlight what makes this agent unique as we go along. \n\n### Next Steps:\n- What specific challenges does your sales team face when it comes to documentation or communication that you want this agent to address?\n- What features would make this agent stand out for your team?\n\nOnce I have this information, I can fill out the remaining details! \n\n```json\n{\n    \""lets_build\"": false,\n    \""gathered_info\"": {\n        \""agent_name\"": \""SalesScribe AI\"",\n        \""applicable_persona\"": \""Sales Team Members\"",\n        \""applicable_industry\"": \""Sales\"",\n        \""problem_statement\"": \""\"",\n        \""user_journeys\"": \""Voice Activation, Note Taking, Data Integration, Review & Edit, Follow-up Actions\"",\n        \""wow_factor\"": \""\"",\n        \""expected_output\"": \""\""\n    }\n}\n```""}]",1,2025-10-28T22:44:32.031692,2025-10-28T22:44:32.032701,2025-10-28T22:44:32.032701,active
